cat	NC旋盤	cnc-lathe
cat	立形旋盤	vertical-turning-lathe
cat	自動旋盤（主軸移動形）	swiss-type-lathe
cat	専用旋盤（楕円プロファイル）	non-circular-turning-lathe
cat	クランクシャフトミラー	crankshaft-milling-machine
cat	横形マシニングセンタ	horizontal-machining-center
cat	立形マシニングセンタ	vertical-machining-center
cat	小型高速マシニングセンタ	compact-machining-center
cat	5軸マシニングセンタ	5-axis-machining-center
cat	門形マシニングセンタ	double-column-machining-center
cat	トランスファーマシン・専用機	transfer-machine
cat	ガンドリル・深穴加工機	deep-hole-drilling-machine
cat	ファインボーリング機	fine-boring-machine
cat	放電加工機	electrical-discharge-machine
cat	レーザ加工機	laser-processing-machine
cat	円筒研削盤	cylindrical-grinder
cat	内面研削盤	internal-grinder
cat	平面研削盤	surface-grinder
cat	両頭平面研削盤	double-disc-grinder
cat	センタレス研削盤	centerless-grinder
cat	クランクシャフト研削盤	crankshaft-grinder
cat	カム研削盤	camshaft-grinder
cat	ねじ研削盤	thread-grinder
cat	ボール溝研削盤	ball-track-grinder
cat	ボール研削盤	steel-ball-grinder
cat	超仕上げ盤	superfinishing-machine
cat	ホーニング盤	honing-machine
cat	ラップ盤	lapping-machine
cat	バリ取り装置	deburring-machine
cat	フィレットロール機	fillet-rolling-machine
cat	ホブ盤	gear-hobbing-machine
cat	ギヤシェーパ（歯車形削り盤）	gear-shaping-machine
cat	ギヤスカイビング盤	gear-skiving-machine
cat	歯車面取り・バリ取り機	gear-chamfering-machine
cat	シェービング盤	gear-shaving-machine
cat	歯車研削盤	gear-grinding-machine
cat	ギヤホーニング盤	gear-honing-machine
cat	ハイポイド歯切り盤	hypoid-gear-cutting-machine
cat	ハイポイドラッピング盤	hypoid-gear-lapping-machine
cat	ブローチ盤	broaching-machine
cat	転造盤	form-rolling-machine
cat	溶解炉	melting-furnace
cat	溶湯処理装置	melt-treatment-equipment
cat	ダイカストマシン	die-casting-machine
cat	低圧鋳造機	low-pressure-casting-machine
cat	重力金型鋳造機	gravity-die-casting-machine
cat	生型造型機（砂型造型ライン）	green-sand-molding-line
cat	中子造型機	core-shooter
cat	精密鋳造設備（ロストワックス）	investment-casting-equipment
cat	トリミングプレス	trim-press
cat	砂落とし・湯口切断機	shakeout-degating-machine
cat	ショットブラスト機	shot-blasting-machine
cat	熱間鍛造プレス	hot-forging-press
cat	冷間鍛造プレス	cold-forging-press
cat	パーツフォーマ（冷間圧造機）	cold-former
cat	誘導加熱装置	induction-heater
cat	ビレットシャー・切断機	billet-cutting-machine
cat	アプセッタ（電気アプセット）	electric-upsetter
cat	リングローリングミル	ring-rolling-mill
cat	リング圧延機（薄帯）	thin-ring-rolling-mill
cat	矯正機	straightening-machine
cat	伸線機	wire-drawing-machine
cat	引抜き・造管機	tube-drawing-machine
cat	パイプベンダー	tube-bender
cat	コイリングマシン	spring-coiling-machine
cat	セッチング装置	spring-presetting-machine
cat	フィン成形機	fin-forming-machine
cat	ロール成形機	roll-forming-machine
cat	ブランキングライン	blanking-line
cat	タンデムプレスライン	tandem-press-line
cat	トランスファープレス	transfer-press
cat	順送プレス	progressive-die-press
cat	高速プレス	high-speed-press
cat	サーボプレス	servo-press
cat	ファインブランキングプレス	fine-blanking-press
cat	ホットスタンプライン	hot-stamping-line
cat	プレス金型	stamping-die
cat	トライプレス（スポッティングプレス）	die-spotting-press
cat	ヘミング装置	hemming-machine
cat	粉末成形プレス	powder-compacting-press
cat	浸炭焼入れ炉	carburizing-furnace
cat	真空浸炭炉	vacuum-carburizing-furnace
cat	高周波焼入れ装置	induction-hardening-machine
cat	焼戻し炉	tempering-furnace
cat	焼鈍・焼ならし炉	annealing-normalizing-furnace
cat	溶体化・時効炉	solution-aging-furnace
cat	窒化・軟窒化炉	nitriding-furnace
cat	連続焼入れ炉	continuous-hardening-furnace
cat	プレスクエンチ	quench-press
cat	制御冷却装置	controlled-cooling-system
cat	通電加熱焼入れ装置	conduction-hardening-machine
cat	熱硬化炉	post-curing-oven
cat	焼結炉	sintering-furnace
cat	ろう付け炉	brazing-furnace
cat	洗浄機	parts-washer
cat	ショットピーニング機	shot-peening-machine
cat	めっき設備	plating-line
cat	化成処理設備（前処理）	conversion-coating-line
cat	含浸装置	vacuum-impregnation-system
cat	溶射装置	thermal-spray-system
cat	レーザクラッド装置	laser-cladding-system
cat	PTA肉盛り溶接機	pta-hardfacing-machine
cat	真空蒸着装置	vacuum-metallizing-system
cat	ハードコート装置	hard-coating-system
cat	コーティング装置	coating-machine
cat	ディップスピン塗装装置	dip-spin-coater
cat	火炎・プラズマ処理装置	flame-plasma-treatment-system
cat	スクリーン印刷機	screen-printer
cat	染色・熱処理設備	dyeing-heat-setting-line
cat	スポット溶接ロボット	spot-welding-robot
cat	アーク溶接ロボット	arc-welding-robot
cat	抵抗溶接機（プロジェクション・シーム）	resistance-welding-machine
cat	レーザ溶接機	laser-welding-machine
cat	電子ビーム溶接機	electron-beam-welding-machine
cat	摩擦圧接機	friction-welding-machine
cat	摩擦攪拌接合機（FSW）	friction-stir-welding-machine
cat	超音波溶接機	ultrasonic-welding-machine
cat	機械的接合装置（SPR・FDS）	mechanical-joining-system
cat	シーラー・接着剤塗布装置	sealer-adhesive-dispenser
cat	樹脂溶着機	plastic-welding-machine
cat	破断分割装置	fracture-splitting-machine
cat	ボデー総組治具（フレーミングシステム）	body-framing-system
cat	射出成形機	injection-molding-machine
cat	ブロー成形機	blow-molding-machine
cat	押出成形機	extruder
cat	加硫装置	vulcanizing-equipment
cat	密閉式混練機（バンバリー）	internal-mixer
cat	カレンダー装置	rubber-calender
cat	タイヤ成形機	tire-building-machine
cat	ビード成形機	bead-winding-machine
cat	タイヤ加硫機	tire-curing-press
cat	ウレタン発泡機	polyurethane-foaming-machine
cat	表皮成形機（スラッシュ・真空成形）	skin-forming-machine
cat	トランスファ成形機	transfer-molding-machine
cat	熱成形プレス	compression-molding-press
cat	超音波カッタ・ウォータジェット	ultrasonic-waterjet-cutter
cat	ガラス切断・研磨機	glass-cutting-edging-machine
cat	ガラス曲げ・強化炉	glass-bending-tempering-furnace
cat	オートクレーブ	autoclave
cat	電着塗装設備	electrocoating-line
cat	塗装ロボット	painting-robot
cat	塗装ブース	paint-booth
cat	乾燥・焼付炉	paint-curing-oven
cat	粉体塗装設備	powder-coating-line
cat	塗装補修・研磨設備	paint-repair-station
cat	組立コンベヤ	assembly-conveyor
cat	AGV・搬送装置	agv-material-handling
cat	コイル搬送設備	coil-handling-system
cat	ハンドリングロボット	material-handling-robot
cat	ナットランナー	nutrunner
cat	圧入機	press-fit-machine
cat	かしめ機	staking-machine
cat	液体充填装置	fluid-filling-machine
cat	専用組立機	dedicated-assembly-machine
cat	組立図板	harness-assembly-board
cat	テーピング機	taping-machine
cat	工業用ミシン	industrial-sewing-machine
cat	自動裁断機	automatic-cutting-machine
cat	織機	weaving-machine
cat	電線切断圧着機	wire-cutting-crimping-machine
cat	マスセンタリングマシン	mass-centering-machine
cat	粉体混合機	powder-mixer
cat	電極スラリー混練機	electrode-slurry-mixer
cat	電極塗工・乾燥機	electrode-coater
cat	ロールプレス機	electrode-roll-press
cat	スリッター	electrode-slitter
cat	真空乾燥炉	vacuum-drying-oven
cat	巻回・積層機	cell-winding-stacking-machine
cat	注液装置	electrolyte-filling-machine
cat	ドライルーム	dry-room
cat	充放電装置	battery-formation-system
cat	ヘアピン巻線設備	hairpin-winding-line
cat	巻線機	coil-winding-machine
cat	着磁装置	magnetizer
cat	はんだ印刷機	solder-paste-printer
cat	チップマウンタ	pick-and-place-machine
cat	リフロー炉	reflow-oven
cat	選択はんだ付け装置	selective-soldering-machine
cat	ディスペンサ（コーティング・ポッティング）	resin-dispensing-system
cat	ダイシングソー	dicing-saw
cat	ダイボンダ	die-bonder
cat	ワイヤボンダ	wire-bonder
cat	アクティブアライメント装置	active-alignment-system
cat	三次元測定機	coordinate-measuring-machine
cat	非接触3D測定機	optical-3d-scanner
cat	自動計測機（エア・電気マイクロ）	automatic-gauging-system
cat	インプロセス計測装置	in-process-gauge
cat	真円度・円筒形状測定機	roundness-measuring-machine
cat	表面粗さ・輪郭形状測定機	surface-profilometer
cat	シャフト形状測定機	shaft-measuring-machine
cat	歯車測定機	gear-measuring-machine
cat	歯車かみあい試験機	gear-rolling-tester
cat	画像検査装置	vision-inspection-system
cat	インライン車体計測システム	inline-body-measuring-system
cat	隙間・段差計測装置	gap-flush-measuring-system
cat	面ひずみ検査装置	panel-surface-inspection
cat	目付・厚み計（インライン）	coating-weight-gauge
cat	膜厚計	coating-thickness-gauge
cat	塗装外観検査装置	paint-inspection-system
cat	色差・光沢計	color-gloss-meter
cat	光学歪み検査装置	optical-distortion-inspection
cat	重量測定・選別機	weight-sorting-machine
cat	X線透過検査装置	x-ray-inspection-system
cat	X線CT	industrial-ct-scanner
cat	超音波探傷装置	ultrasonic-flaw-detector
cat	渦流探傷装置	eddy-current-tester
cat	磁粉探傷装置	magnetic-particle-inspection
cat	浸透探傷設備	dye-penetrant-inspection
cat	リークテスタ	leak-tester
cat	ヘリウムリークディテクタ	helium-leak-detector
cat	硬さ試験機	hardness-tester
cat	金属顕微鏡・断面観察	metallographic-microscope
cat	X線残留応力測定装置	x-ray-residual-stress-analyzer
cat	破壊検査（たがね・剥離）	destructive-weld-testing
cat	清浄度分析装置	cleanliness-analysis-system
cat	溶湯品質検査	melt-quality-testing
cat	材料受入検査	incoming-material-inspection
cat	圧着品質モニタ	crimp-force-monitor
cat	スラリー物性測定器	slurry-analyzer
cat	着磁検査装置	magnetization-inspection-system
cat	バランシングマシン	balancing-machine
cat	機能試験装置	functional-tester
cat	荷重試験機	load-testing-machine
cat	疲労・耐久試験機	fatigue-testing-machine
cat	減衰力試験機	damper-tester
cat	流量試験装置	flow-test-bench
cat	エンジン試験装置	engine-test-bench
cat	モータ試験装置	motor-test-bench
cat	駆動系試験装置（NVH）	drivetrain-nvh-test-bench
cat	ターボ性能試験装置	turbocharger-test-bench
cat	電池特性測定器	battery-cell-tester
cat	絶縁・耐圧試験器	insulation-hipot-tester
cat	インサーキットテスタ	in-circuit-tester
cat	導通検査装置	continuity-tester
cat	AOI（自動光学検査装置）	automated-optical-inspection
cat	SPI（はんだ印刷検査装置）	solder-paste-inspection
cat	パワー半導体テスタ	power-semiconductor-tester
cat	環境試験機	environmental-test-chamber
cat	カメラ校正装置	camera-calibration-system
cat	展開試験設備	airbag-deployment-testing
cat	軸受音響検査機	bearing-noise-tester
cat	タイヤユニフォミティマシン	tire-uniformity-machine
cat	ホイールアライメントテスタ	wheel-alignment-tester
cat	配光・光軸検査装置	headlamp-tester
cat	ADASエーミング装置	adas-calibration-system
cat	ドラムテスタ（速度・ブレーキ）	roller-brake-tester
cat	排出ガス分析計	exhaust-gas-analyzer
cat	シャワーテスト設備	water-leak-test-booth
cat	異音・振動診断装置	noise-vibration-analyzer
cat	アルミ形材加工機（長尺）	aluminum-profile-machining-center
cat	高圧自緊処理装置（オートフレッテージ）	autofrettage-machine
cat	セラミック焼成炉	ceramic-firing-kiln
cat	キャニング装置	catalyst-canning-machine
group	旋削・複合	turning
group	マシニング・穴加工	machining-centers
group	研削・仕上げ	grinding-finishing
group	歯車加工	gear-machining
group	鋳造	foundry
group	鍛造・塑性加工	forging-forming
group	プレス・板金	presses-sheet-metal
group	熱処理	heat-treatment-equipment
group	表面処理・洗浄	surface-treatment-cleaning
group	溶接・接合	welding-joining
group	樹脂・ゴム・ガラス成形	plastics-rubber-glass
group	塗装	painting-equipment
group	組立・搬送	assembly-handling
group	電子・電池・モータ	electronics-battery-motor
group	寸法・形状測定	dimensional-metrology
group	非破壊・材質検査	ndt-material-testing
group	性能・機能試験	performance-testing
method	素材	material-preparation
method	鋳造	casting
method	鍛造	forging
method	プレス	stamping
method	切削	machining
method	研削	grinding
method	歯車	gear-cutting
method	熱処理	heat-treatment
method	表面処理	surface-treatment
method	接合	joining
method	成形	molding
method	塗装	painting
method	巻線	coil-winding
method	組立	assembly
method	電子	electronics-assembly
method	化学	chemical-processing
method	検査	inspection
method	物流	logistics
method	保全	maintenance
material	鋼板	steel-sheet
material	棒鋼・線材	steel-bar-wire-rod
material	鋳鉄	cast-iron
material	アルミ	aluminum
material	樹脂・ゴム	plastics-rubber
material	ガラス	glass
material	電子・電池材料	electronic-battery-materials
system	完成車工場	vehicle-assembly
system	ボディ部品	body
system	エンジン	engine
system	駆動系	drivetrain
system	シャシー	chassis
system	電動化ユニット	electrified-powertrain
system	電装・電子	electrical-electronics
system	内装・安全部品	interior-safety
system	外装・ガラス	exterior
system	タイヤ・ホイール	tires-wheels
system	熱マネジメント	thermal-management
system	締結・共通部品	fasteners-components
part	プレス工場	press-shop
part	車体溶接工場（ボデー）	body-shop
part	塗装工場	paint-shop
part	組立工場	final-assembly
part	完成検査・出荷	final-inspection
part	ホットスタンプ部品（Bピラー等）	hot-stamped-parts
part	超ハイテン骨格部品（冷間プレス）	cold-stamped-uhss-parts
part	アルミ外板（フード・ドア）	aluminum-closure-panels
part	一体鋳造アンダーボディ（ギガキャスト）	gigacast-underbody
part	樹脂燃料タンク	plastic-fuel-tank
part	シリンダーブロック	cylinder-block
part	シリンダーヘッド	cylinder-head
part	クランクシャフト	crankshaft
part	カムシャフト	camshaft
part	コネクティングロッド	connecting-rod
part	ピストン	piston
part	吸排気バルブ	engine-valve
part	ターボチャージャー	turbocharger
part	燃料噴射インジェクタ（直噴）	fuel-injector
part	コモンレール・高圧燃料ポンプ（ディーゼル）	diesel-common-rail
part	排気系・触媒コンバータ	catalytic-converter
part	エンジン組立・試験	engine-assembly
part	変速機ギヤ	transmission-gear
part	変速機シャフト	transmission-shaft
part	トランスミッションケース	transmission-case
part	バルブボディ（AT油圧制御）	valve-body
part	CVTプーリ	cvt-pulley
part	CVTスチールベルト	cvt-steel-belt
part	トルクコンバータ	torque-converter
part	ディファレンシャルギヤ（ハイポイド）	hypoid-gear
part	デフケース	differential-case
part	ドライブシャフト（等速ジョイント）	driveshaft-cv-joint
part	トランスミッション組立・試験	transmission-assembly
part	ロアアーム（鋼板プレス）	stamped-lower-control-arm
part	ステアリングナックル	steering-knuckle
part	アルミ鍛造アーム	forged-aluminum-control-arm
part	コイルスプリング	coil-spring
part	ショックアブソーバ	shock-absorber
part	スタビライザ	stabilizer-bar
part	サスペンションメンバ（サブフレーム）	subframe
part	ハブベアリング（第3世代）	hub-bearing
part	ブレーキディスクロータ	brake-rotor
part	ブレーキキャリパ	brake-caliper
part	ブレーキパッド	brake-pad
part	ABS・ESC油圧ユニット	abs-esc-hydraulic-unit
part	電動パワーステアリング（ラック＆ピニオン）	electric-power-steering
part	タイロッド・ボールジョイント	tie-rod-ball-joint
part	リチウムイオン電池セル（角形）	prismatic-lithium-ion-cell
part	電池モジュール・パック	battery-pack
part	駆動モータ ステータ	traction-motor-stator
part	駆動モータ ロータ	traction-motor-rotor
part	モータ・e-Axleハウジング	e-axle-housing
part	パワーモジュール（SiC・IGBT）	power-module
part	インバータ（組立）	inverter
part	バッテリケース（電池パック筐体）	battery-case
part	モータシャフト（中空）・レゾルバ	motor-shaft-resolver
part	動力分割機構（遊星歯車）	power-split-device
part	e-Axle減速機ギヤ	e-axle-reduction-gear
part	e-Axle組立・試験	e-axle-assembly
part	ワイヤハーネス	wire-harness
part	ECU（電子制御ユニット）	ecu
part	ヘッドランプ	headlamp
part	ADASカメラ（前方センシング）	adas-camera
part	コネクタ（端子・ハウジング）	connector
part	シート	seat
part	インストルメントパネル	instrument-panel
part	ドアトリム	door-trim
part	エアバッグ	airbag
part	シートベルト	seat-belt
part	バンパー	bumper
part	フロントウインドシールド（合わせガラス）	windshield
part	サイド・リアガラス（強化ガラス）	side-and-rear-glass
part	ウェザーストリップ	weatherstrip
part	ラジエータグリル（めっき樹脂）	radiator-grille
part	タイヤ	tire
part	アルミホイール	aluminum-wheel
part	ラジエータ・熱交換器	radiator-heat-exchanger
part	電動コンプレッサ（スクロール）	electric-compressor
part	高強度ボルト	high-strength-bolt
part	焼結部品	sintered-parts
part	転がり軸受（深溝玉軸受）	ball-bearing
