系統,部品,ガソリン車,ディーゼル車,ハイブリッド車,軽自動車,電気自動車
"完成車工場","プレス工場",1,1,1,1,1
"完成車工場","車体溶接工場（ボデー）",1,1,1,1,1
"完成車工場","塗装工場",1,1,1,1,1
"完成車工場","組立工場",1,1,1,1,1
"完成車工場","完成検査・出荷",1,1,1,1,1
"ボディ部品","ホットスタンプ部品（Bピラー等）",1,1,1,1,1
"ボディ部品","超ハイテン骨格部品（冷間プレス）",1,1,1,1,1
"ボディ部品","アルミ外板（フード・ドア）",1,1,1,0,1
"ボディ部品","一体鋳造アンダーボディ（ギガキャスト）",0,0,0,0,1
"ボディ部品","樹脂燃料タンク",1,1,1,1,0
"エンジン","シリンダーブロック",1,1,1,1,0
"エンジン","シリンダーヘッド",1,1,1,1,0
"エンジン","クランクシャフト",1,1,1,1,0
"エンジン","カムシャフト",2,2,2,2,0
"エンジン","コネクティングロッド",4,4,4,3,0
"エンジン","ピストン",4,4,4,3,0
"エンジン","吸排気バルブ",16,16,16,12,0
"エンジン","ターボチャージャー",0,1,0,0,0
"エンジン","燃料噴射インジェクタ（直噴）",4,4,4,3,0
"エンジン","コモンレール・高圧燃料ポンプ（ディーゼル）",0,1,0,0,0
"エンジン","排気系・触媒コンバータ",1,1,1,1,0
"エンジン","エンジン組立・試験",1,1,1,1,0
"駆動系","変速機ギヤ",10,10,4,4,0
"駆動系","変速機シャフト",3,3,2,2,0
"駆動系","トランスミッションケース",1,1,1,1,0
"駆動系","バルブボディ（AT油圧制御）",1,1,0,1,0
"駆動系","CVTプーリ",0,0,0,2,0
"駆動系","CVTスチールベルト",0,0,0,1,0
"駆動系","トルクコンバータ",1,1,0,1,0
"駆動系","ディファレンシャルギヤ（ハイポイド）",0,1,0,0,0
"駆動系","デフケース",1,2,1,1,1
"駆動系","ドライブシャフト（等速ジョイント）",2,4,2,2,2
"駆動系","トランスミッション組立・試験",1,1,1,1,0
"シャシー","ロアアーム（鋼板プレス）",2,2,2,2,2
"シャシー","ステアリングナックル",2,2,2,2,2
"シャシー","アルミ鍛造アーム",2,2,2,0,2
"シャシー","コイルスプリング",4,4,4,4,4
"シャシー","ショックアブソーバ",4,4,4,4,4
"シャシー","スタビライザ",1,1,1,1,1
"シャシー","サスペンションメンバ（サブフレーム）",1,1,1,1,1
"シャシー","ハブベアリング（第3世代）",4,4,4,4,4
"シャシー","ブレーキディスクロータ",4,4,4,2,4
"シャシー","ブレーキキャリパ",4,4,4,2,4
"シャシー","ブレーキパッド",8,8,8,4,8
"シャシー","ABS・ESC油圧ユニット",1,1,1,1,1
"シャシー","電動パワーステアリング（ラック＆ピニオン）",1,1,1,1,1
"シャシー","タイロッド・ボールジョイント",2,2,2,2,2
"電動化ユニット","リチウムイオン電池セル（角形）",0,0,1,0,1
"電動化ユニット","電池モジュール・パック",0,0,1,0,1
"電動化ユニット","駆動モータ ステータ",0,0,2,0,1
"電動化ユニット","駆動モータ ロータ",0,0,2,0,1
"電動化ユニット","モータ・e-Axleハウジング",0,0,0,0,1
"電動化ユニット","パワーモジュール（SiC・IGBT）",0,0,1,0,1
"電動化ユニット","インバータ（組立）",0,0,1,0,1
"電動化ユニット","バッテリケース（電池パック筐体）",0,0,0,0,1
"電動化ユニット","モータシャフト（中空）・レゾルバ",0,0,2,0,1
"電動化ユニット","動力分割機構（遊星歯車）",0,0,1,0,0
"電動化ユニット","e-Axle減速機ギヤ",0,0,0,0,3
"電動化ユニット","e-Axle組立・試験",0,0,0,0,1
"電装・電子","ワイヤハーネス",1,1,1,1,1
"電装・電子","ECU（電子制御ユニット）",1,1,1,1,1
"電装・電子","ヘッドランプ",2,2,2,2,2
"電装・電子","ADASカメラ（前方センシング）",1,1,1,1,1
"電装・電子","コネクタ（端子・ハウジング）",1,1,1,1,1
"内装・安全部品","シート",1,1,1,1,1
"内装・安全部品","インストルメントパネル",1,1,1,1,1
"内装・安全部品","ドアトリム",1,1,1,1,1
"内装・安全部品","エアバッグ",1,1,1,1,1
"内装・安全部品","シートベルト",1,1,1,1,1
"外装・ガラス","バンパー",2,2,2,2,2
"外装・ガラス","フロントウインドシールド（合わせガラス）",1,1,1,1,1
"外装・ガラス","サイド・リアガラス（強化ガラス）",1,1,1,1,1
"外装・ガラス","ウェザーストリップ",1,1,1,1,1
"外装・ガラス","ラジエータグリル（めっき樹脂）",1,1,1,1,1
"タイヤ・ホイール","タイヤ",4,4,4,4,4
"タイヤ・ホイール","アルミホイール",4,4,4,4,4
"熱マネジメント","ラジエータ・熱交換器",1,1,1,1,1
"熱マネジメント","電動コンプレッサ（スクロール）",0,0,1,0,1
"締結・共通部品","高強度ボルト",1,1,1,1,1
"締結・共通部品","焼結部品",1,1,1,1,1
"締結・共通部品","転がり軸受（深溝玉軸受）",1,1,1,1,1

指標,ガソリン車,ディーゼル車,ハイブリッド車,軽自動車,電気自動車
部品の種類,62,65,69,62,58
工程,421,443,471,423,369
機械加工の工程,81,90,90,84,53
機械加工のボリューム（ガソリン車=100）,100,107,88,73,41

出典：製造工程図鑑（Machine Tool Scout） https://ygms3208.github.io/powertrain/  CC BY-NC 4.0。代表的な仕様を仮定した目安。
